Examination,Name,Start Date,End Date,Total Time,Last Login Time,Question Category,Sub-Category,Topic,Question Language,Sections JSON
Examination 01,Engineering Fundamentals Assessment,2026-10-10 09:00,2026-10-10 10:00,60,,Test Category 10,Test Subcategory 10,Engineering Fundamentals,English,"[{""name"":""Section 1"",""question_type"":""Objective"",""question_count"":""10"",""correct_mark"":""1"",""wrong_mark"":""0""}]"
Examination 02,Programming Basics Assessment,2026-10-11 09:00,2026-10-11 10:00,60,,Test Category 10,Test Subcategory 10,Programming Basics,English,"[{""name"":""Section 1"",""question_type"":""Objective"",""question_count"":""10"",""correct_mark"":""1"",""wrong_mark"":""0""}]"
Examination 03,Web Development Assessment,2026-10-12 09:00,2026-10-12 10:00,60,,Test Category 10,Test Subcategory 10,Web Development,English,"[{""name"":""Section 1"",""question_type"":""Objective"",""question_count"":""10"",""correct_mark"":""1"",""wrong_mark"":""0""}]"
Examination 04,Database Fundamentals Assessment,2026-10-13 09:00,2026-10-13 10:00,60,,Test Category 10,Test Subcategory 10,Database Fundamentals,English,"[{""name"":""Section 1"",""question_type"":""Objective"",""question_count"":""10"",""correct_mark"":""1"",""wrong_mark"":""0""}]"
Examination 05,Python Programming Assessment,2026-10-14 09:00,2026-10-14 10:00,60,,Test Category 10,Test Subcategory 10,Python Programming,English,"[{""name"":""Section 1"",""question_type"":""Objective"",""question_count"":""10"",""correct_mark"":""1"",""wrong_mark"":""0""}]"
Examination 06,Software Engineering Assessment,2026-10-15 09:00,2026-10-15 10:00,60,,Test Category 09,Test Subcategory 09,Software Engineering,English,"[{""name"":""Section 1"",""question_type"":""Objective"",""question_count"":""10"",""correct_mark"":""1"",""wrong_mark"":""0""}]"
Examination 07,Computer Networks Assessment,2026-10-16 09:00,2026-10-16 10:00,60,,Test Category 09,Test Subcategory 09,Computer Networks,English,"[{""name"":""Section 1"",""question_type"":""Objective"",""question_count"":""10"",""correct_mark"":""1"",""wrong_mark"":""0""}]"
Examination 08,Operating Systems Assessment,2026-10-17 09:00,2026-10-17 10:00,60,,Test Category 09,Test Subcategory 09,Operating Systems,English,"[{""name"":""Section 1"",""question_type"":""Objective"",""question_count"":""10"",""correct_mark"":""1"",""wrong_mark"":""0""}]"
Examination 09,Data Structures Assessment,2026-10-18 09:00,2026-10-18 10:00,60,,Test Category 09,Test Subcategory 09,Data Structures,English,"[{""name"":""Section 1"",""question_type"":""Objective"",""question_count"":""10"",""correct_mark"":""1"",""wrong_mark"":""0""}]"
Examination 10,Final Engineering Assessment,2026-10-19 09:00,2026-10-19 10:00,60,,Test Category 09,Test Subcategory 09,Engineering Final Assessment,English,"[{""name"":""Section 1"",""question_type"":""Objective"",""question_count"":""10"",""correct_mark"":""1"",""wrong_mark"":""0""}]"Question Type,Question,Category,Sub-Category,Topic,Difficulty Level,Language,Details JSON
Single Choice,What does HTML stand for?,Test Category 10,Test Subcategory 10,Web Development,Easy,English,"{""answer"":""A"",""options"":[""HyperText Markup Language"",""HighText Machine Language"",""Hyperlink Text Management Language"",""Home Tool Markup Language"",""""],""randomize_options"":""Yes""}"
Single Choice,Which HTML tag is used to create a paragraph?,Test Category 10,Test Subcategory 10,Web Development,Easy,English,"{""answer"":""B"",""options"":[""<div>"",""<p>"",""<h1>"",""<para>"",""""],""randomize_options"":""Yes""}"
Single Choice,Which language is primarily used for styling web pages?,Test Category 10,Test Subcategory 10,Web Development,Easy,English,"{""answer"":""C"",""options"":[""HTML"",""Python"",""CSS"",""SQL"",""""],""randomize_options"":""Yes""}"
Single Choice,Which keyword is used to declare a variable in JavaScript?,Test Category 10,Test Subcategory 10,Programming Basics,Easy,English,"{""answer"":""A"",""options"":[""let"",""define"",""variable"",""declare"",""""],""randomize_options"":""Yes""}"
Single Choice,Which symbol is used for a single line comment in JavaScript?,Test Category 10,Test Subcategory 10,Programming Basics,Easy,English,"{""answer"":""B"",""options"":[""<!--"",""//"",""##"",""**"",""""],""randomize_options"":""Yes""}"
Single Choice,Which data type is used to store true or false values?,Test Category 10,Test Subcategory 10,Programming Basics,Easy,English,"{""answer"":""D"",""options"":[""String"",""Integer"",""Float"",""Boolean"",""""],""randomize_options"":""Yes""}"
Single Choice,Which language is known as a programming language for data analysis and machine learning?,Test Category 10,Test Subcategory 10,Python Programming,Easy,English,"{""answer"":""A"",""options"":[""Python"",""HTML"",""CSS"",""XML"",""""],""randomize_options"":""Yes""}"
Single Choice,Which keyword is used to define a function in Python?,Test Category 10,Test Subcategory 10,Python Programming,Easy,English,"{""answer"":""C"",""options"":[""function"",""func"",""def"",""define"",""""],""randomize_options"":""Yes""}"
Single Choice,Which collection in Python stores key-value pairs?,Test Category 10,Test Subcategory 10,Python Programming,Easy,English,"{""answer"":""B"",""options"":[""List"",""Dictionary"",""Tuple"",""Set"",""""],""randomize_options"":""Yes""}"
Single Choice,Which symbol is used to create a list in Python?,Test Category 10,Test Subcategory 10,Python Programming,Easy,English,"{""answer"":""A"",""options"":[""[]"",""{}"",""()"",""<>"",""""],""randomize_options"":""Yes""}"
Single Choice,What does SQL stand for?,Test Category 10,Test Subcategory 10,Database Fundamentals,Easy,English,"{""answer"":""C"",""options"":[""Simple Query Language"",""System Query Language"",""Structured Query Language"",""Standard Question Language"",""""],""randomize_options"":""Yes""}"
Single Choice,Which SQL command is used to retrieve data?,Test Category 10,Test Subcategory 10,Database Fundamentals,Easy,English,"{""answer"":""A"",""options"":[""SELECT"",""GET"",""FETCH"",""READ"",""""],""randomize_options"":""Yes""}"
Single Choice,Which SQL command is used to add new records?,Test Category 10,Test Subcategory 10,Database Fundamentals,Easy,English,"{""answer"":""B"",""options"":[""ADD"",""INSERT"",""CREATE"",""APPEND"",""""],""randomize_options"":""Yes""}"
Single Choice,Which SQL command is used to remove records from a table?,Test Category 10,Test Subcategory 10,Database Fundamentals,Medium,English,"{""answer"":""D"",""options"":[""REMOVE"",""CLEAR"",""DROP"",""DELETE"",""""],""randomize_options"":""Yes""}"
Single Choice,What is a primary key?,Test Category 10,Test Subcategory 10,Database Fundamentals,Medium,English,"{""answer"":""A"",""options"":[""A unique identifier for a record"",""A duplicate field"",""A temporary field"",""A database password"",""""],""randomize_options"":""Yes""}"
Single Choice,Which data structure follows FIFO order?,Test Category 10,Test Subcategory 10,Data Structures,Easy,English,"{""answer"":""B"",""options"":[""Stack"",""Queue"",""Tree"",""Graph"",""""],""randomize_options"":""Yes""}"
Single Choice,Which data structure follows LIFO order?,Test Category 10,Test Subcategory 10,Data Structures,Easy,English,"{""answer"":""A"",""options"":[""Stack"",""Queue"",""Array"",""Graph"",""""],""randomize_options"":""Yes""}"
Single Choice,Which data structure consists of nodes connected by edges?,Test Category 10,Test Subcategory 10,Data Structures,Easy,English,"{""answer"":""C"",""options"":[""Array"",""Stack"",""Graph"",""Queue"",""""],""randomize_options"":""Yes""}"
Single Choice,What is the first index of an array in most programming languages?,Test Category 10,Test Subcategory 10,Data Structures,Easy,English,"{""answer"":""A"",""options"":[""0"",""1"",""-1"",""2"",""""],""randomize_options"":""Yes""}"
Single Choice,Which algorithm is commonly used to find the shortest path in a graph?,Test Category 10,Test Subcategory 10,Data Structures,Medium,English,"{""answer"":""D"",""options"":[""Bubble Sort"",""Binary Search"",""Merge Sort"",""Dijkstra's Algorithm"",""""],""randomize_options"":""Yes""}"
Single Choice,What is an operating system?,Test Category 09,Test Subcategory 09,Operating Systems,Easy,English,"{""answer"":""A"",""options"":[""Software that manages computer hardware and resources"",""A programming language"",""A database"",""A web browser"",""""],""randomize_options"":""Yes""}"
Single Choice,Which of the following is an operating system?,Test Category 09,Test Subcategory 09,Operating Systems,Easy,English,"{""answer"":""C"",""options"":[""MySQL"",""Python"",""Linux"",""HTML"",""""],""randomize_options"":""Yes""}"
Single Choice,What is a process in an operating system?,Test Category 09,Test Subcategory 09,Operating Systems,Medium,English,"{""answer"":""B"",""options"":[""A stored file"",""A program in execution"",""A hardware device"",""A network cable"",""""],""randomize_options"":""Yes""}"
Single Choice,Which component manages memory in an operating system?,Test Category 09,Test Subcategory 09,Operating Systems,Medium,English,"{""answer"":""D"",""options"":[""Compiler"",""Browser"",""Editor"",""Memory Manager"",""""],""randomize_options"":""Yes""}"
Single Choice,What does CPU stand for?,Test Category 09,Test Subcategory 09,Computer Fundamentals,Easy,English,"{""answer"":""A"",""options"":[""Central Processing Unit"",""Computer Processing Utility"",""Central Program Unit"",""Control Processing Unit"",""""],""randomize_options"":""Yes""}"
Single Choice,Which device is used to connect a computer to a network?,Test Category 09,Test Subcategory 09,Computer Networks,Easy,English,"{""answer"":""B"",""options"":[""Monitor"",""Network Interface Card"",""Keyboard"",""Printer"",""""],""randomize_options"":""Yes""}"
Single Choice,What does IP stand for in networking?,Test Category 09,Test Subcategory 09,Computer Networks,Easy,English,"{""answer"":""C"",""options"":[""Internet Program"",""Internal Protocol"",""Internet Protocol"",""Information Port"",""""],""randomize_options"":""Yes""}"
Single Choice,Which protocol is commonly used for secure web communication?,Test Category 09,Test Subcategory 09,Computer Networks,Medium,English,"{""answer"":""D"",""options"":[""HTTP"",""FTP"",""SMTP"",""HTTPS"",""""],""randomize_options"":""Yes""}"
Single Choice,Which device forwards data between different networks?,Test Category 09,Test Subcategory 09,Computer Networks,Easy,English,"{""answer"":""A"",""options"":[""Router"",""Keyboard"",""Monitor"",""Scanner"",""""],""randomize_options"":""Yes""}"
Single Choice,What is software engineering?,Test Category 09,Test Subcategory 09,Software Engineering,Easy,English,"{""answer"":""B"",""options"":[""Hardware manufacturing"",""Systematic development and maintenance of software"",""Network installation"",""Database storage"",""""],""randomize_options"":""Yes""}"
Single Choice,What is the first phase of the software development life cycle?,Test Category 09,Test Subcategory 09,Software Engineering,Easy,English,"{""answer"":""C"",""options"":[""Testing"",""Deployment"",""Requirements Analysis"",""Maintenance"",""""],""randomize_options"":""Yes""}"
Single Choice,Which model follows sequential development phases?,Test Category 09,Test Subcategory 09,Software Engineering,Easy,English,"{""answer"":""A"",""options"":[""Waterfall Model"",""Agile Model"",""Spiral Model"",""Prototype Model"",""""],""randomize_options"":""Yes""}"
Single Choice,What is software testing used for?,Test Category 09,Test Subcategory 09,Software Engineering,Easy,English,"{""answer"":""D"",""options"":[""Writing documentation only"",""Designing hardware"",""Creating databases"",""Finding defects in software"",""""],""randomize_options"":""Yes""}"
Single Choice,Which testing checks individual units of code?,Test Category 09,Test Subcategory 09,Software Engineering,Medium,English,"{""answer"":""B"",""options"":[""System Testing"",""Unit Testing"",""Acceptance Testing"",""Integration Testing"",""""],""randomize_options"":""Yes""}"
Single Choice,What does API stand for?,Test Category 10,Test Subcategory 10,Web Development,Easy,English,"{""answer"":""A"",""options"":[""Application Programming Interface"",""Application Process Integration"",""Advanced Programming Interface"",""Automated Program Interaction"",""""],""randomize_options"":""Yes""}"
Single Choice,Which HTTP method is commonly used to retrieve data?,Test Category 10,Test Subcategory 10,Web Development,Easy,English,"{""answer"":""C"",""options"":[""POST"",""PUT"",""GET"",""DELETE"",""""],""randomize_options"":""Yes""}"
Single Choice,Which HTTP status code indicates a successful request?,Test Category 10,Test Subcategory 10,Web Development,Easy,English,"{""answer"":""B"",""options"":[""404"",""200"",""500"",""301"",""""],""randomize_options"":""Yes""}"
Single Choice,Which technology is used to manage source code versions?,Test Category 10,Test Subcategory 10,Programming Basics,Easy,English,"{""answer"":""D"",""options"":[""Docker"",""Node.js"",""React"",""Git"",""""],""randomize_options"":""Yes""}"
Single Choice,What does JSON stand for?,Test Category 10,Test Subcategory 10,Web Development,Medium,English,"{""answer"":""A"",""options"":[""JavaScript Object Notation"",""Java Source Object Network"",""JavaScript Online Network"",""Java Object Notation"",""""],""randomize_options"":""Yes""}"
Single Choice,Which database is a relational database?,Test Category 10,Test Subcategory 10,Database Fundamentals,Easy,English,"{""answer"":""C"",""options"":[""MongoDB"",""Redis"",""PostgreSQL"",""Cassandra"",""""],""randomize_options"":""Yes""}"
Single Choice,What is normalization in a database?,Test Category 10,Test Subcategory 10,Database Fundamentals,Medium,English,"{""answer"":""B"",""options"":[""Deleting all records"",""Organizing data to reduce redundancy"",""Encrypting passwords"",""Creating backups"",""""],""randomize_options"":""Yes""}"